"Status","Start Time","Stop Time","Duration in ms","Parent Suite","Suite","Sub Suite","Test Class","Test Method","Name","Description"
"broken","Mon Jan 12 15:48:19 UTC 2026","Mon Jan 12 15:48:19 UTC 2026","0","tests.ios","test_14_Community","TestCommunityManagement","","","test_NAF_14_2_0_create_text_only_post","
    Test Case: NAF-266
    As a user I want to create text or text + image posts to share with the community
    Scenario: Verify creating a text-only post
    
    Steps:
    1. Open the app, assume the user is logged in
    2. Go to ""Community"" tab
    3. Click ""NEW POST"" button
    4. Enter text content
    5. Click ""Post"" button
    6. Verify post is created successfully
    
    Expected Result: Text-only post should be created and visible in the community feed
    "
"passed","Mon Jan 12 13:29:48 UTC 2026","Mon Jan 12 13:30:11 UTC 2026","23080","tests","test_7_CMS_Authentication","","","","test_NAF_7_3_0_Logout_of_AdminPanel","
Test that a user with admin role can successfully log out from the CMS.

Test Steps:
1. Launch the browser
2. Go to the login page
3. Enter the admin credentials
4. Click the login button
5. Verify that the user is logged in
6. Click the logout button
7. Verify that the user is logged out
"
"passed","Mon Jan 12 13:41:06 UTC 2026","Mon Jan 12 13:41:47 UTC 2026","41538","tests","test_9_Programs_Management","","","","test_NAF_9_3_0_Search_Program","
Test that an admin user can search program by program's title.

Test Steps:
1. Launch the browser
2. Login as admin user
3. Navigate to Programs section
4. Create a new program with random title
5. Search for the created program by title
6. Verify search results display the correct program
"
"broken","Mon Jan 12 13:42:50 UTC 2026","Mon Jan 12 13:43:06 UTC 2026","15632","tests.android","test_2_Authentication","TestAuthentication","","","test_NAF_2_2_0_successful_login","
    Test Case: NAF-12
    As a user, I want to log in with my email and password
    Scenario: Successful Login
    
    Steps:
    1. Open the app
    2. Click on ""Log in"" button
    3. Click on ""Sign in with your email"" button
    4. Enter valid email and password
    5. Click ""Log in"" button
    6. Verify successful login
    
    Expected Result: User should be successfully logged in and redirected to the main app
    "
"broken","Mon Jan 12 14:26:04 UTC 2026","Mon Jan 12 14:27:54 UTC 2026","110674","tests.android","test_3_Account_Setup","TestPersonInformationManagement","","","test_NAF_3_4_0_change_password","
    Test Case: NAF-62, NAF-63
    As a registered user I can view and update my profile settings
    Scenario: Change Password
    
    Steps:
    1. Open the app, assume the user is logged in
    2. Go to ""My Profile"" button
    3. Click on ""Edit"" button
    4. Click on ""Change Password"" button
    6. Enter new password
    7. Enter confirm password
    8. Click on ""Save"" button
    9. Verify password is changed
    "
"skipped","Mon Jan 12 14:09:12 UTC 2026","Mon Jan 12 14:09:12 UTC 2026","0","tests.android","test_3_Account_Setup","TestPersonInformationManagement","","","test_NAF_3_3_0_edit_profile_picture","
    Test Case: NAF-40
    As a registered user I can view and update profile image
    Scenario: Edit Profile Picture
    
    Steps:
    1. Open the app, assume the user is logged in
    2. Go to ""My Profile"" button
    3. Click on ""Edit"" button
    4. Click on ""Take a picture"" button (might not stable on simulator)
    5. Select a photo from the device
    
    Note: This test is skipped because camera functionality is not supported in the current simulator
    "
"broken","Mon Jan 12 15:28:11 UTC 2026","Mon Jan 12 15:30:00 UTC 2026","108726","tests.ios","test_3_Account_Setup","TestPersonInformationManagement","","","test_NAF_3_4_0_modify_name","
    Test Case: NAF-55
    As a registered user I can view and update my profile settings
    Scenario: Modify Name
    
    Steps:
    1. Open the app, assume the user is logged in
    2. Go to ""My Profile"" button
    3. Click on ""Edit"" button
    4. Enter name
    5. Click on ""Save"" button
    "
"broken","Mon Jan 12 14:36:31 UTC 2026","Mon Jan 12 14:36:31 UTC 2026","0","tests.android","test_14_Community","TestCommunityManagement","","","test_NAF_14_1_0_verify_community_feed_navigation","
    Test Case: NAF-265
    As a user, I want to join a community based on my selected stage during onboarding.
    Scenario: Verify community feed navigation
    
    Steps:
    1. Open the app, assume the user is logged in
    2. Go to ""Community"" tab
    3. Verify community feed is displayed
    4. Verify community feed navigation is working
    "
"broken","Mon Jan 12 14:51:25 UTC 2026","Mon Jan 12 14:51:41 UTC 2026","15789","tests.ios","test_2_Authentication","TestAuthentication","","","test_NAF_2_3_0_successful_password_reset_request","
    Test Case: NAF-16
    As a user I want to reset my password if I forget it
    Scenario: Successful Password Reset Request
    
    Steps:
    1. Open the app, Go to the Login page
    2. Click the 'forgot password?' link
    3. Enter a valid registered email
    4. Click 'Submit' button
    "
"broken","Mon Jan 12 14:37:06 UTC 2026","Mon Jan 12 14:37:06 UTC 2026","0","tests.android","test_14_Community","TestCommunityManagement","","","test_NAF_14_2_0_create_text_only_post","
    Test Case: NAF-266
    As a user I want to create text or text + image posts to share with the community
    Scenario: Verify creating a text-only post
    
    Steps:
    1. Open the app, assume the user is logged in
    2. Go to ""Community"" tab
    3. Click ""NEW POST"" button
    4. Enter text content
    5. Click ""Post"" button
    6. Verify post is created successfully
    
    Expected Result: Text-only post should be created and visible in the community feed
    "
"broken","Mon Jan 12 14:38:52 UTC 2026","Mon Jan 12 14:38:52 UTC 2026","0","tests.android","test_14_Community","TestCommunityManagement","","","test_NAF_14_2_0_verify_viewing_comments_on_post","
    Test Case: NAF-269
    As a user I want to create text or text + image posts to share with the community
    Scenario: Verify viewing comments on a post
    
    Steps:
    1. Open the app, assume the user is logged in
    2. Go to ""Community"" tab
    3. Click on a comment button for any post
    4. Verify comment section opens
    5. Add a comment
    6. Verify comment is posted successfully
    
    Expected Result: User should be able to view and add comments to posts
    "
"passed","Mon Jan 12 13:35:55 UTC 2026","Mon Jan 12 13:36:26 UTC 2026","30522","tests","test_8_CMS_Video_Management","","","","test_NAF_8_9_0_Publish_Video","
Test that an admin user can publish a video and verify it remains published after logout/login.

Test Steps:
1. Launch the browser
2. Login as admin user
3. Navigate to Video section
4. Upload a new video with random title
5. Publish the video
6. Logout and login again
7. Verify video is still published
"
"broken","Mon Jan 12 15:50:40 UTC 2026","Mon Jan 12 15:50:40 UTC 2026","0","tests.ios","test_14_Community","TestCommunityManagement","","","test_NAF_14_4_0_verify_liking_post","
    Test Case: NAF-271
    As a user, I want to interact with post: ""Like"" post, leave comments
    Scenario: Verify liking a post
    
    Steps:
    1. Open the app, assume the user is logged in
    2. Go to ""Community"" tab
    3. Find the first like button
    4. Record current like count
    5. Click like button
    6. Verify like count changes as expected
    
    Expected Result: User should be able to like posts and see like count change
    "
"passed","Mon Jan 12 13:44:02 UTC 2026","Mon Jan 12 13:44:44 UTC 2026","42074","tests","test_9_Programs_Management","","","","test_NAF_9_9_0_Popular_Nutrition_One_Tag_Selected","
Verify user can only choose one tag

Test Steps:
1. Launch the browser
2. Login as admin user
3. Navigate to Programs section
4. Create a new program with random title
5. Verify Popular or Nutrition tag is not selected by default
6. Toggle Popular or Nutrition tag
7. Verify tag is selected
8. Toggle Popular or Nutrition tag
9. Verify tag is not selected
6. Verify program is successfully deleted
"
"passed","Mon Jan 12 13:46:50 UTC 2026","Mon Jan 12 13:47:18 UTC 2026","27509","tests","test_11_CMS_Notifications","","","","test_CMS_11_5_0_Mark_Notification_As_Unread","
Test Case 204: Verify the ""Mark as unread"" functionality after marking as read.

Test Steps:
1. Launch the browser
2. Login as admin user
3. Navigate to Notifications page
4. Switch to Read tab
5. Mark the first read notification as unread
6. Verify notification has been marked as unread
"
"broken","Mon Jan 12 14:37:42 UTC 2026","Mon Jan 12 14:37:42 UTC 2026","0","tests.android","test_14_Community","TestCommunityManagement","","","test_NAF_14_2_0_verify_post_fields_after_sending","
    Test Case: NAF-268
    As a user I want to create text or text + image posts to share with the community
    Scenario: Verify post fields after sending
    
    Steps:
    1. Open the app, assume the user is logged in
    2. Go to ""Community"" tab
    3. Click ""NEW POST"" button
    4. Verify post input field is present and editable
    5. Enter text content
    6. Click ""Post"" button
    7. Verify post fields are cleared after sending
    
    Expected Result: Post input field should be present, editable, and cleared after posting
    "
"failed","Mon Jan 12 13:40:40 UTC 2026","Mon Jan 12 13:41:06 UTC 2026","25710","tests","test_9_Programs_Management","","","","test_NAF_9_2_0_View_Programs_List","
Test that an admin user can view all programs list.

Test Steps:
1. Launch the browser
2. Login as admin user
3. Navigate to Programs section
4. Verify programs list is displayed
5. Verify all programs are accessible
"
"passed","Mon Jan 12 13:30:11 UTC 2026","Mon Jan 12 13:30:50 UTC 2026","38671","tests","test_7_CMS_Authentication","","","","test_NAF_7_4_0_Edit_Profile","
Test that a user with admin role can access the profile page and edit profile information.

Test Steps:
1. Launch the browser
2. Go to the login page
3. Enter the admin credentials
4. Click the login button
5. Verify that the user is logged in
6. Click the profile button
7. Verify that the user is on the profile page
8. Click the edit profile button
9. Enter the new profile information
10. Click the save button
11. Verify that the profile information is updated
"
"passed","Mon Jan 12 13:50:06 UTC 2026","Mon Jan 12 13:50:32 UTC 2026","26192","tests","test_11_CMS_Notifications","","","","test_CMS_11_13_0_Delete_From_Three_Dots_Menu","
Test Case 213: Verify ability to delete notification from 3 dots menu.

Test Steps:
1. Launch the browser
2. Login as admin user
3. Navigate to Notifications page
4. Check for unread notifications
5. If no unread notifications, switch to Read tab
6. Delete notification from 3 dots menu
7. Verify notification is deleted successfully
"
"broken","Mon Jan 12 13:39:32 UTC 2026","Mon Jan 12 13:39:47 UTC 2026","15680","tests.android","test_2_Authentication","TestAuthentication","","","test_NAF_2_3_0_successful_password_reset_request","
    Test Case: NAF-16
    As a user I want to reset my password if I forget it
    Scenario: Successful Password Reset Request
    
    Steps:
    1. Open the app, Go to the Login page
    2. Click the 'forgot password?' link
    3. Enter a valid registered email
    4. Click 'Submit' button
    "
"passed","Mon Jan 12 13:36:59 UTC 2026","Mon Jan 12 13:37:39 UTC 2026","40897","tests","test_8_CMS_Video_Management","","","","test_NAF_8_12_0_Upload_Thumbnail","
Test that an admin user can upload a video thumbnail.

Test Steps:
1. Launch the browser
2. Login as admin user
3. Navigate to Video section
4. Upload a new video with random title
5. Upload/Change thumbnail for the video
6. Verify thumbnail is successfully uploaded
"
"passed","Mon Jan 12 13:45:45 UTC 2026","Mon Jan 12 13:46:00 UTC 2026","15308","tests","test_11_CMS_Notifications","","","","test_CMS_11_2_0_Mark_First_Notification_As_Read","
Test Case 201: Verify the ""Mark as read"" button functionality.

Test Steps:
1. Launch the browser
2. Login as admin user
3. Navigate to Notifications page
4. Mark the first notification as read
5. Verify notification status changes
"
"passed","Mon Jan 12 13:47:40 UTC 2026","Mon Jan 12 13:48:03 UTC 2026","23185","tests","test_11_CMS_Notifications","","","","test_CMS_11_7_0_Mark_Single_Notification_As_Read_Unread","
Test Case 207: Verify marking a single notification as read and unread.

Test Steps:
1. Launch the browser
2. Login as admin user
3. Navigate to Notifications page
4. Mark a single notification as read
5. Mark the same notification as unread
6. Verify status changes correctly
"
"broken","Mon Jan 12 14:38:17 UTC 2026","Mon Jan 12 14:38:17 UTC 2026","0","tests.android","test_14_Community","TestCommunityManagement","","","test_NAF_14_2_0_verify_edit_post_after_sending","
    Test Case: NAF-432
    As a user I want to create text or text + image posts to share with the community
    Scenario: Verify edit post after sending
    
    Steps:
    1. Open the app, assume the user is logged in
    2. Go to ""Community"" tab
    3. Find first post with three dots (more options)
    4. Click three dots and check for Edit option
    5. If Edit option exists, click Edit
    6. Update post text to ""Test edit post""
    7. Click Post button
    8. Verify updated post is visible in feed
    
    Expected Result: Post should be editable if edit functionality is implemented
    "
"passed","Mon Jan 12 13:31:13 UTC 2026","Mon Jan 12 13:31:34 UTC 2026","20517","tests","test_8_CMS_Video_Management","","","","test_NAF_8_1_0_Navigate_To_Video_Section","
Test that an admin user can navigate to the Video section of the CMS platform through the sidebar menu.

Test Steps:
1. Launch the browser
2. Login as admin user
3. Navigate to Video section via sidebar menu
4. Verify successful navigation to video section
"
"passed","Mon Jan 12 13:51:31 UTC 2026","Mon Jan 12 13:52:34 UTC 2026","63322","tests","test_12_CMS_Communities","","","","test_NAF_12_2_0_Create_Post_In_Community","
Test Case 225: Verify Admin Post Creation with Text and Image
Test Case 226: Verify Admin Post Draft Saving
Test Case 229: Verify Published Post Information

Test Steps:
1. Launch the browser
2. Login as admin user
3. Navigate to Community page
4. Create a post with image and publish it
5. Verify the post is created and displayed
6. Create another post and save as draft
"
"passed","Mon Jan 12 13:30:50 UTC 2026","Mon Jan 12 13:31:13 UTC 2026","23075","tests","test_7_CMS_Authentication","","","","test_NAF_7_6_0_Edit_User_Role","
Test that a user with admin role has access to the whole list of mobile users, 
where admins are identified by ""admin"" role.

Test Steps:
1. Launch the browser
2. Go to the login page
3. Enter the admin credentials
4. Click the login button
5. Verify that the user is logged in
6. Edit user role
7. Verify that the user role is updated
"
"passed","Mon Jan 12 13:43:20 UTC 2026","Mon Jan 12 13:44:02 UTC 2026","41796","tests","test_9_Programs_Management","","","","test_NAF_9_9_0_Popular_Nutrition_Tags","
Verify user can toggle Popular or Nutrition tag when creating a program

Test Steps:
1. Launch the browser
2. Login as admin user
3. Navigate to Programs section
4. Create a new program with random title
5. Verify Popular or Nutrition tag is not selected by default
6. Toggle Popular or Nutrition tag
7. Verify tag is selected
8. Toggle Popular or Nutrition tag
9. Verify tag is not selected
6. Verify program is successfully deleted
"
"broken","Mon Jan 12 14:48:00 UTC 2026","Mon Jan 12 14:48:19 UTC 2026","19774","tests.ios","test_2_Authentication","TestAuthentication","","","test_NAF_2_2_0_login_with_wrong_password","
    Test Case: NAF-14
    As a user, I want to log in with my email and password
    Scenario: Login Unsuccessful due to Incorrect Password
    
    Steps:
    1. Open the app
    2. Click on ""Log in"" button
    3. Click on ""Sign in with your email"" button
    4. Enter valid email: qingqin@topflightapps.com
    5. Enter incorrect password: Aa1234567
    6. Click ""Log in"" button
    7. Verify error message appears
    
    Expected Result: Error message ""The password you entered is incorrect"" should be displayed
    "
"passed","Mon Jan 12 13:49:25 UTC 2026","Mon Jan 12 13:49:50 UTC 2026","25105","tests","test_11_CMS_Notifications","","","","test_CMS_11_11_0_Reply_To_Program_Step_Thread","
Test Case 211: Verify ability to reply to program step thread from notification.

Test Steps:
1. Launch the browser
2. Login as admin user
3. Navigate to Notifications page
4. Check for unread notifications
5. If no unread notifications, switch to Read tab
6. Click on the first notification entry
7. Reply to the program step thread
8. Verify reply functionality works correctly
"
"failed","Mon Jan 12 13:39:14 UTC 2026","Mon Jan 12 13:39:38 UTC 2026","24450","tests","test_9_Programs_Management","","","","test_NAF_9_1_0_Navigate_To_Programs_Section","
Test that an admin user can navigate to the program section of the app through the side menu.

Test Steps:
1. Launch the browser
2. Login as admin user
3. Navigate to Programs section via side menu
4. Verify successful navigation to programs section
"
"failed","Mon Jan 12 13:33:44 UTC 2026","Mon Jan 12 13:34:07 UTC 2026","23231","tests","test_8_CMS_Video_Management","","","","test_NAF_8_2_0_Videos_Uploaded_Sorted_By_Creation_Date","
Verify videos are sorted by creation date in descending order

Test Steps:
1. Launch the browser
2. Login as admin user
3. Navigate to Video section
4. Verify all video columns are sorted by creation date in descending order
"
"broken","Mon Jan 12 14:36:14 UTC 2026","Mon Jan 12 14:36:30 UTC 2026","15782","tests.android","test_sucessful_login","TestAuthentication","","","test_NAF_2_2_0_successful_login","
    Test Case: NAF-12
    As a user, I want to log in with my email and password
    Scenario: Successful Login
    
    Steps:
    1. Open the app
    2. Click on ""Log in"" button
    3. Click on ""Sign in with your email"" button
    4. Enter valid email and password
    5. Click ""Log in"" button
    6. Verify successful login
    
    Expected Result: User should be successfully logged in and redirected to the main app
    "
"broken","Mon Jan 12 13:32:42 UTC 2026","Mon Jan 12 13:32:58 UTC 2026","15622","tests.android","test_2_Authentication","TestAuthentication","","","test_NAF_2_2_0_login_with_wrong_email","
    Test Case: NAF-15
    As a user, I want to log in with my email and password
    Scenario: Login Unsuccessful due to Non-existent Email
    
    Steps:
    1. Open the app
    2. Click on ""Log in"" button
    3. Click on ""Sign in with your email"" button
    4. Enter non-existent email: test@example.com
    5. Enter password: testpassword
    6. Click ""Log in"" button    
    7. Verify error message appears
    
    Expected Result: Error message ""There is no account associated with this email. Please sign up."" should be displayed
    "
"failed","Mon Jan 12 13:46:40 UTC 2026","Mon Jan 12 13:47:11 UTC 2026","31305","tests.android","test_2_Authentication","TestAuthentication","","","test_NAF_2_4_0_stay_logged_in_quick","
    Test Case: NAF-19
    As a user, I want to stay logged in for as long as possible, so that I don't have to log in frequently
    Scenario: Stay Logged In (Quick Test - 30 seconds)
    
    Steps:
    1. Open the app, user is already logged in
    2. Close the app, wait for 30 seconds
    3. Open the app, User is still logged in and is redirected to the Home page
    "
"passed","Mon Jan 12 13:42:35 UTC 2026","Mon Jan 12 13:43:20 UTC 2026","45309","tests","test_9_Programs_Management","","","","test_NAF_9_8_0_Edit_Program","
Test that an admin user can create and edit programs.

Test Steps:
1. Launch the browser
2. Login as admin user
3. Navigate to Programs section
4. Create a new program with random title
5. Wait for page to load after program creation
6. Edit the created program
7. Verify changes are saved successfully
"
"broken","Mon Jan 12 13:36:09 UTC 2026","Mon Jan 12 13:36:29 UTC 2026","19645","tests.android","test_2_Authentication","TestAuthentication","","","test_NAF_2_2_0_login_with_wrong_password","
    Test Case: NAF-14
    As a user, I want to log in with my email and password
    Scenario: Login Unsuccessful due to Incorrect Password
    
    Steps:
    1. Open the app
    2. Click on ""Log in"" button
    3. Click on ""Sign in with your email"" button
    4. Enter valid email: qingqin@topflightapps.com
    5. Enter incorrect password: Aa1234567
    6. Click ""Log in"" button
    7. Verify error message appears
    
    Expected Result: Error message ""The password you entered is incorrect"" should be displayed
    "
"passed","Mon Jan 12 13:47:18 UTC 2026","Mon Jan 12 13:47:40 UTC 2026","21886","tests","test_11_CMS_Notifications","","","","test_CMS_11_6_0_Mark_Multiple_Notifications_As_Read","
Test Case 205: Verify that marking multiple notifications as read works correctly.

Test Steps:
1. Launch the browser
2. Login as admin user
3. Navigate to Notifications page
4. Mark multiple notifications as read (up to 3)
5. Verify each notification is marked as read
"
"passed","Mon Jan 12 13:48:28 UTC 2026","Mon Jan 12 13:48:59 UTC 2026","31064","tests","test_11_CMS_Notifications","","","","test_CMS_11_9_0_Access_Comment_From_Notification","
Test Case 209: Verify ability to access comment from notification.

Test Steps:
1. Launch the browser
2. Login as admin user
3. Navigate to Notifications page
4. Check for unread notifications
5. If no unread notifications, switch to Read tab
6. Click on the first notification entry
7. Verify user is redirected to Comments view
8. Verify comment view access is successful
"
"passed","Mon Jan 12 13:48:59 UTC 2026","Mon Jan 12 13:49:25 UTC 2026","25903","tests","test_11_CMS_Notifications","","","","test_CMS_11_10_0_Reply_To_Comment","
Test Case 210: Verify ability to reply to a comment from notification.

Test Steps:
1. Launch the browser
2. Login as admin user
3. Navigate to Notifications page
4. Check for unread notifications
5. If no unread notifications, switch to Read tab
6. Click on the first notification entry
7. Reply to the selected comment
8. Verify reply functionality works correctly
"
"passed","Mon Jan 12 13:46:23 UTC 2026","Mon Jan 12 13:46:50 UTC 2026","27765","tests","test_11_CMS_Notifications","","","","test_CMS_11_4_0_Verify_Unread_Notifications_Exist","
Test Case 203: Verify that there is at least one unread notification.

Test Steps:
1. Launch the browser
2. Login as admin user
3. Navigate to Notifications page
4. Check for unread notifications
5. If no unread notifications, switch to Read tab
6. Verify notification columns are visible
7. Verify all required columns are present
"
"broken","Mon Jan 12 15:48:54 UTC 2026","Mon Jan 12 15:48:54 UTC 2026","0","tests.ios","test_14_Community","TestCommunityManagement","","","test_NAF_14_2_0_verify_post_fields_after_sending","
    Test Case: NAF-268
    As a user I want to create text or text + image posts to share with the community
    Scenario: Verify post fields after sending
    
    Steps:
    1. Open the app, assume the user is logged in
    2. Go to ""Community"" tab
    3. Click ""NEW POST"" button
    4. Verify post input field is present and editable
    5. Enter text content
    6. Click ""Post"" button
    7. Verify post fields are cleared after sending
    
    Expected Result: Post input field should be present, editable, and cleared after posting
    "
"passed","Mon Jan 12 13:50:32 UTC 2026","Mon Jan 12 13:51:05 UTC 2026","32671","tests","test_11_CMS_Notifications","","","","test_CMS_11_14_0_Delete_From_Comment_Thread","
Test Case 214: Verify ability to delete comment from comment/question thread.

Test Steps:
1. Launch the browser
2. Login as admin user
3. Navigate to Notifications page
4. Check for unread notifications
5. If no unread notifications, switch to Read tab
6. Open the first comment thread
7. Delete comment in thread
8. Verify comment is deleted successfully
"
"broken","Mon Jan 12 14:07:26 UTC 2026","Mon Jan 12 14:09:12 UTC 2026","105720","tests.android","test_3_Account_Setup","TestPersonInformationManagement","","","test_NAF_3_2_0_update_bio","
    Test Case: NAF-37, NAF-39
    As a registered user I can view and update my bio
    Scenario: Update Bio
    
    Steps:
    1. Open the app, assume the user is logged in
    2. Go to ""My Profile"" button
    3. Click on ""Edit"" button
    4. Enter bio content
    5. Click on ""Save"" button
    6. Verify bio content is updated
    
    Expected Result: Bio content is updated
    "
"passed","Mon Jan 12 13:55:10 UTC 2026","Mon Jan 12 13:56:03 UTC 2026","52403","tests","test_12_CMS_Communities","","","","test_NAF_12_6_0_pin_unpin_community_post","
Test Case 254: Verify Pinning a Post
Test Case 255: Verify Post Pinned to Top of Community Thread
Test Case 256: Verify Unpinning a Post

Test Steps:
1. Launch the browser
2. Login as admin user
3. Navigate to Postpartum community page
4. Create a new post with image
5. Publish the post and verify creation
6. Pin the post
7. Unpin the post
8. Verify pin/unpin functionality works correctly
"
"broken","Mon Jan 12 15:05:17 UTC 2026","Mon Jan 12 15:07:03 UTC 2026","105973","tests.ios","test_2_Authentication","TestAuthentication","","","test_NAF_2_5_0_logout_and_relogin","
    Test Case: NAF-20
    As a user, I want to log out and log back in
    Scenario: Logout and Relogin
    
    Steps:
    1. Open the app
    2. Go to ""My Profile"" button
    3. Click on ""Log out"" button
    4. Verify successful logout
    5. Click on ""Log in"" button
    6. Verify successful login
    "
"failed","Mon Jan 12 13:32:30 UTC 2026","Mon Jan 12 13:32:50 UTC 2026","19858","tests","test_8_CMS_Video_Management","","","","test_NAF_8_2_0_View_All_Videos_Uploaded","
Test that an admin user can view all videos uploaded to the CMS platform.

Test Steps:
1. Launch the browser
2. Login as admin user
3. Navigate to Video section
4. Verify all video columns are displayed correctly
5. Verify videos list is accessible
"
"passed","Mon Jan 12 13:36:26 UTC 2026","Mon Jan 12 13:36:59 UTC 2026","32997","tests","test_8_CMS_Video_Management","","","","test_NAF_8_10_0_Delete_Video","
Test that an admin user can delete a video using the 3 dots menu.

Test Steps:
1. Launch the browser
2. Login as admin user
3. Navigate to Video section
4. Upload a new video with random title
5. Delete the video using 3 dots menu
6. Verify video is successfully deleted
"
"passed","Mon Jan 12 13:35:25 UTC 2026","Mon Jan 12 13:35:55 UTC 2026","29886","tests","test_8_CMS_Video_Management","","","","test_NAF_8_8_0_Update_Video_Details","
Test that an admin user can select a video and update its details.

Test Steps:
1. Launch the browser
2. Login as admin user
3. Navigate to Video section
4. Upload a new video with random title
5. Select the uploaded video
6. Update video details
7. Verify changes are saved successfully
"
"passed","Mon Jan 12 13:46:00 UTC 2026","Mon Jan 12 13:46:23 UTC 2026","22215","tests","test_11_CMS_Notifications","","","","test_CMS_11_3_0_Switch_Between_Tabs","
Test Case 202: Verify the switching between ""Unread"" and ""Read"" tabs.

Test Steps:
1. Launch the browser
2. Login as admin user
3. Navigate to Notifications page
4. Switch to Read tab
5. Switch to Unread tab
6. Verify tab switching works correctly
"
"broken","Mon Jan 12 14:13:33 UTC 2026","Mon Jan 12 14:15:22 UTC 2026","108787","tests.android","test_3_Account_Setup","TestPersonInformationManagement","","","test_NAF_3_4_0_modify_name","
    Test Case: NAF-55
    As a registered user I can view and update my profile settings
    Scenario: Modify Name
    
    Steps:
    1. Open the app, assume the user is logged in
    2. Go to ""My Profile"" button
    3. Click on ""Edit"" button
    4. Enter name
    5. Click on ""Save"" button
    "
"passed","Mon Jan 12 13:34:53 UTC 2026","Mon Jan 12 13:35:25 UTC 2026","31729","tests","test_8_CMS_Video_Management","","","","test_NAF_8_7_0_Upload_Video_With_Unpublished_Status","
Test that an admin user can upload a new video to the platform with unpublished status.

Test Steps:
1. Launch the browser
2. Login as admin user
3. Navigate to Video section
4. Upload a new video with random title
5. Verify video is uploaded with unpublished status
6. Verify video appears in the videos list
"
"failed","Mon Jan 12 14:58:39 UTC 2026","Mon Jan 12 14:59:11 UTC 2026","31524","tests.ios","test_2_Authentication","TestAuthentication","","","test_NAF_2_4_0_stay_logged_in_quick","
    Test Case: NAF-19
    As a user, I want to stay logged in for as long as possible, so that I don't have to log in frequently
    Scenario: Stay Logged In (Quick Test - 30 seconds)
    
    Steps:
    1. Open the app, user is already logged in
    2. Close the app, wait for 30 seconds
    3. Open the app, User is still logged in and is redirected to the Home page
    "
"broken","Mon Jan 12 15:49:30 UTC 2026","Mon Jan 12 15:49:30 UTC 2026","0","tests.ios","test_14_Community","TestCommunityManagement","","","test_NAF_14_2_0_verify_edit_post_after_sending","
    Test Case: NAF-432
    As a user I want to create text or text + image posts to share with the community
    Scenario: Verify edit post after sending
    
    Steps:
    1. Open the app, assume the user is logged in
    2. Go to ""Community"" tab
    3. Find first post with three dots (more options)
    4. Click three dots and check for Edit option
    5. If Edit option exists, click Edit
    6. Update post text to ""Test edit post""
    7. Click Post button
    8. Verify updated post is visible in feed
    
    Expected Result: Post should be editable if edit functionality is implemented
    "
"broken","Mon Jan 12 15:47:27 UTC 2026","Mon Jan 12 15:47:43 UTC 2026","15751","tests.ios","test_sucessful_login","TestAuthentication","","","test_NAF_2_2_0_successful_login","
    Test Case: NAF-12
    As a user, I want to log in with my email and password
    Scenario: Successful Login
    
    Steps:
    1. Open the app
    2. Click on ""Log in"" button
    3. Click on ""Sign in with your email"" button
    4. Enter valid email and password
    5. Click ""Log in"" button
    6. Verify successful login
    
    Expected Result: User should be successfully logged in and redirected to the main app
    "
"broken","Mon Jan 12 14:40:03 UTC 2026","Mon Jan 12 14:40:03 UTC 2026","0","tests.android","test_14_Community","TestCommunityManagement","","","test_NAF_14_4_0_verify_adding_comment_to_post","
    Test Case: NAF-272
    As a user, I want to interact with post: 'Like' post, leave comments
    Scenario: Verify adding a comment to a post
    
    Steps:
    1. Open the app, assume the user is logged in
    2. Go to 'Community' tab
    3. Find a post with comments
    4. Click on comment button
    5. Add a new comment
    6. Verify comment is added successfully
    
    Expected Result: User should be able to add comments to posts
    "
"passed","Mon Jan 12 13:29:26 UTC 2026","Mon Jan 12 13:29:48 UTC 2026","22151","tests","test_7_CMS_Authentication","","","","test_NAF_7_2_0_Login_As_Admin","
Test that a user with admin role can login to the content management platform 
using the same credentials as for the mobile app.

Test Steps:
1. Launch the browser
2. Go to the login page
3. Enter the admin credentials
4. Click the login button
5. Verify that the user is logged in
"
"broken","Mon Jan 12 15:50:05 UTC 2026","Mon Jan 12 15:50:05 UTC 2026","0","tests.ios","test_14_Community","TestCommunityManagement","","","test_NAF_14_2_0_verify_viewing_comments_on_post","
    Test Case: NAF-269
    As a user I want to create text or text + image posts to share with the community
    Scenario: Verify viewing comments on a post
    
    Steps:
    1. Open the app, assume the user is logged in
    2. Go to ""Community"" tab
    3. Click on a comment button for any post
    4. Verify comment section opens
    5. Add a comment
    6. Verify comment is posted successfully
    
    Expected Result: User should be able to view and add comments to posts
    "
"passed","Mon Jan 12 13:51:05 UTC 2026","Mon Jan 12 13:51:31 UTC 2026","25833","tests","test_12_CMS_Communities","","","","test_NAF_12_1_0_View_All_Communities","
Test Case 224: Verify Community Groups Visibility in CMS

Test Steps:
1. Launch the browser
2. Login as admin user
3. Navigate to Postpartum community page
4. Verify visibility of all community groups
5. Check each community individually (Pregnant, Trying to Conceive, Postpartum)
"
"passed","Mon Jan 12 13:34:07 UTC 2026","Mon Jan 12 13:34:30 UTC 2026","23553","tests","test_8_CMS_Video_Management","","","","test_NAF_8_3_0_Search_Videos","
Test that an admin user can search videos by video title.

Test Steps:
1. Launch the browser
2. Login as admin user
3. Navigate to Video section
4. Upload a new video with random title
5. Search for the uploaded video by title
6. Verify search results display the correct video
"
"broken","Mon Jan 12 15:51:16 UTC 2026","Mon Jan 12 15:51:16 UTC 2026","0","tests.ios","test_14_Community","TestCommunityManagement","","","test_NAF_14_4_0_verify_adding_comment_to_post","
    Test Case: NAF-272
    As a user, I want to interact with post: 'Like' post, leave comments
    Scenario: Verify adding a comment to a post
    
    Steps:
    1. Open the app, assume the user is logged in
    2. Go to 'Community' tab
    3. Find a post with comments
    4. Click on comment button
    5. Add a new comment
    6. Verify comment is added successfully
    
    Expected Result: User should be able to add comments to posts
    "
"passed","Mon Jan 12 13:48:03 UTC 2026","Mon Jan 12 13:48:28 UTC 2026","25196","tests","test_11_CMS_Notifications","","","","test_CMS_11_8_0_Notification_Status_After_Page_Reload","
Test Case 208: Verify notification status persists after page reload.

Test Steps:
1. Launch the browser
2. Login as admin user
3. Navigate to Notifications page
4. Mark a notification as read/unread
5. Reload the page
6. Verify notification moved to correct tab
7. Verify status persists after reload
"
"passed","Mon Jan 12 13:45:13 UTC 2026","Mon Jan 12 13:45:45 UTC 2026","31715","tests","test_11_CMS_Notifications","","","","test_CMS_11_1_0_Verify_Notifications_Page","
Test Case 199: Verify the notifications page loads correctly.

Test Steps:
1. Launch the browser
2. Login as admin user
3. Navigate to Notifications page
4. Verify tabs are displayed correctly
5. Verify table headers are present
6. Verify notification rows are loaded
"
"passed","Mon Jan 12 13:34:30 UTC 2026","Mon Jan 12 13:34:53 UTC 2026","22942","tests","test_8_CMS_Video_Management","","","","test_NAF_8_3_0_Search_Videos_Invalid_Keyword","
Test that an admin user can search videos by video title.

Test Steps:
1. Launch the browser
2. Login as admin user
3. Navigate to Video section
4. Upload a new video with random title
5. Search for the uploaded video by invalid keyword
6. Verify search results display no videos
"
"broken","Mon Jan 12 13:54:23 UTC 2026","Mon Jan 12 13:55:10 UTC 2026","46849","tests","test_12_CMS_Communities","","","","test_NAF_12_4_0_delete_edit_own_and_others_post","
Test Case 238: Verify Admin/Coach Can Edit Own Post
Test Case 239: Verify Admin/Coach Can Delete Own Post
Test Case 242: Verify Admin/Coach Can Edit Own Reply
Test Case 243: Verify Admin/Coach Can Delete Own Reply

Test Steps:
1. Launch the browser
2. Login as admin user
3. Navigate to Postpartum community page
4. Create a new post with image
5. Publish the post and verify creation
6. Edit the post with new content
7. Add a comment to the post
8. Delete the comment
9. Delete the post
"
"broken","Mon Jan 12 13:53:13 UTC 2026","Mon Jan 12 13:54:58 UTC 2026","105077","tests.android","test_2_Authentication","TestAuthentication","","","test_NAF_2_5_0_logout_and_relogin","
    Test Case: NAF-20
    As a user, I want to log out and log back in
    Scenario: Logout and Relogin
    
    Steps:
    1. Open the app
    2. Go to ""My Profile"" button
    3. Click on ""Log out"" button
    4. Verify successful logout
    5. Click on ""Log in"" button
    6. Verify successful login
    "
"broken","Mon Jan 12 14:54:46 UTC 2026","Mon Jan 12 14:55:02 UTC 2026","15762","tests.ios","test_2_Authentication","TestAuthentication","","","test_NAF_2_2_0_successful_login","
    Test Case: NAF-12
    As a user, I want to log in with my email and password
    Scenario: Successful Login
    
    Steps:
    1. Open the app
    2. Click on ""Log in"" button
    3. Click on ""Sign in with your email"" button
    4. Enter valid email and password
    5. Click ""Log in"" button
    6. Verify successful login
    
    Expected Result: User should be successfully logged in and redirected to the main app
    "
"broken","Mon Jan 12 15:22:04 UTC 2026","Mon Jan 12 15:23:49 UTC 2026","105682","tests.ios","test_3_Account_Setup","TestPersonInformationManagement","","","test_NAF_3_2_0_update_bio","
    Test Case: NAF-37, NAF-39
    As a registered user I can view and update my bio
    Scenario: Update Bio
    
    Steps:
    1. Open the app, assume the user is logged in
    2. Go to ""My Profile"" button
    3. Click on ""Edit"" button
    4. Enter bio content
    5. Click on ""Save"" button
    6. Verify bio content is updated
    
    Expected Result: Bio content is updated
    "
"broken","Mon Jan 12 15:34:26 UTC 2026","Mon Jan 12 15:36:16 UTC 2026","110778","tests.ios","test_3_Account_Setup","TestPersonInformationManagement","","","test_NAF_3_4_0_modify_mobile","
    Test Case: NAF-60
    As a registered user I can view and update my profile settings
    Scenario: Modify Mobile
    
    Steps:
    1. Open the app, assume the user is logged in
    2. Go to ""My Profile"" button
    3. Click on ""Edit"" button
    4. Enter mobile number
    5. Click on ""Save"" button   
    "
"passed","Mon Jan 12 13:41:47 UTC 2026","Mon Jan 12 13:42:35 UTC 2026","47640","tests","test_9_Programs_Management","","","","test_NAF_9_6_0_Delete_Program","
Test that an admin user can delete program using the 3 dots menu.

Test Steps:
1. Launch the browser
2. Login as admin user
3. Navigate to Programs section
4. Create a new program with random title
5. Delete the program using 3 dots menu
6. Verify program is successfully deleted
"
"broken","Mon Jan 12 14:44:31 UTC 2026","Mon Jan 12 14:44:46 UTC 2026","15754","tests.ios","test_2_Authentication","TestAuthentication","","","test_NAF_2_2_0_login_with_wrong_email","
    Test Case: NAF-15
    As a user, I want to log in with my email and password
    Scenario: Login Unsuccessful due to Non-existent Email
    
    Steps:
    1. Open the app
    2. Click on ""Log in"" button
    3. Click on ""Sign in with your email"" button
    4. Enter non-existent email: test@example.com
    5. Enter password: testpassword
    6. Click ""Log in"" button    
    7. Verify error message appears
    
    Expected Result: Error message ""There is no account associated with this email. Please sign up."" should be displayed
    "
"broken","Mon Jan 12 14:19:47 UTC 2026","Mon Jan 12 14:21:38 UTC 2026","110697","tests.android","test_3_Account_Setup","TestPersonInformationManagement","","","test_NAF_3_4_0_modify_mobile","
    Test Case: NAF-60
    As a registered user I can view and update my profile settings
    Scenario: Modify Mobile
    
    Steps:
    1. Open the app, assume the user is logged in
    2. Go to ""My Profile"" button
    3. Click on ""Edit"" button
    4. Enter mobile number
    5. Click on ""Save"" button   
    "
"passed","Mon Jan 12 13:49:50 UTC 2026","Mon Jan 12 13:50:06 UTC 2026","15758","tests","test_11_CMS_Notifications","","","","test_CMS_11_12_0_Close_Comments_View","
Test Case 212: Verify ability to close comments view.

Test Steps:
1. Launch the browser
2. Login as admin user
3. Navigate to Notifications page
4. Check for unread notifications
5. If no unread notifications, switch to Read tab
6. Click on the first notification entry
7. Close the comments view using Escape key
8. Verify comments view is closed successfully
"
"skipped","Mon Jan 12 15:23:50 UTC 2026","Mon Jan 12 15:23:50 UTC 2026","0","tests.ios","test_3_Account_Setup","TestPersonInformationManagement","","","test_NAF_3_3_0_edit_profile_picture","
    Test Case: NAF-40
    As a registered user I can view and update profile image
    Scenario: Edit Profile Picture
    
    Steps:
    1. Open the app, assume the user is logged in
    2. Go to ""My Profile"" button
    3. Click on ""Edit"" button
    4. Click on ""Take a picture"" button (might not stable on simulator)
    5. Select a photo from the device
    
    Note: This test is skipped because camera functionality is not supported in the current simulator
    "
"broken","Mon Jan 12 14:39:28 UTC 2026","Mon Jan 12 14:39:28 UTC 2026","0","tests.android","test_14_Community","TestCommunityManagement","","","test_NAF_14_4_0_verify_liking_post","
    Test Case: NAF-271
    As a user, I want to interact with post: ""Like"" post, leave comments
    Scenario: Verify liking a post
    
    Steps:
    1. Open the app, assume the user is logged in
    2. Go to ""Community"" tab
    3. Find the first like button
    4. Record current like count
    5. Click like button
    6. Verify like count changes as expected
    
    Expected Result: User should be able to like posts and see like count change
    "
"broken","Mon Jan 12 15:47:43 UTC 2026","Mon Jan 12 15:47:43 UTC 2026","0","tests.ios","test_14_Community","TestCommunityManagement","","","test_NAF_14_1_0_verify_community_feed_navigation","
    Test Case: NAF-265
    As a user, I want to join a community based on my selected stage during onboarding.
    Scenario: Verify community feed navigation
    
    Steps:
    1. Open the app, assume the user is logged in
    2. Go to ""Community"" tab
    3. Verify community feed is displayed
    4. Verify community feed navigation is working
    "
